"Doc. No.","Title"
"IZA800G-REV-x-TDSHEET","IZA800G Technical Data Sheet"
"IZA800GW-REV-x-TDSHEET","IZA800GW Technical Data Sheet"
"MOUNT-MAP-PRSNT-011","Product-to-Mount Mapping"
"Mounts","Mounting Hardware documentation"
"IZ Discovery Utility","IZ Discovery Utility software components"
"RV-ALPR-MAN-001","RoadView ALPR User Guide"
"IZS-S-MAN-002","IZS Illuminator Series User Guide"
"IZPWRSRFC-REV-x-TDSHEET","IZPWR Surface Mount Power Supplies Technical Data Sheet"
"IZPWRDIN-REV-x-TDSHEET","IZPWR DIN Rail Mount Power Supplies Technical Data Sheet"
"IZIO-6060-MAN-001","IZIO Digital I/O Controller Installation and User Guide"
"NDAA-NB-COC-001","NDAA Section 889 Certification of Compliance"
